{"cameraMode":{"drawMode":0,"name":"Shaded","section":"Shading Mode"},"sceneLighting":true,"audioPlay":false,"sceneViewState":{"showFog":true,"showMaterialUpdate":false,"showSkybox":true,"showFlares":true,"showImageEffects":true,"showParticleSystems":true},"in2DMode":false,"pivot":{"x":-13.87950325012207,"y":-33.35369873046875,"z":-42.27450180053711},"rotation":{"x":-0.0870649442076683,"y":0.8592755794525147,"z":-0.4793012738227844,"w":-0.15609334409236909},"size":76.09254455566406,"orthographic":false}