{"cameraMode":{"drawMode":0,"name":"Shaded","section":"Shading Mode"},"sceneLighting":true,"audioPlay":false,"sceneViewState":{"showFog":true,"showMaterialUpdate":false,"showSkybox":true,"showFlares":true,"showImageEffects":true,"showParticleSystems":true},"in2DMode":false,"pivot":{"x":30.460002899169923,"y":-0.36385172605514529,"z":24.446840286254884},"rotation":{"x":-0.2620372176170349,"y":0.6590800881385803,"z":-0.2642437517642975,"w":-0.6535636782646179},"size":73.17021942138672,"orthographic":false}