{"cameraMode":{"drawMode":0,"name":"Shaded","section":"Shading Mode"},"sceneLighting":true,"audioPlay":false,"sceneViewState":{"showFog":true,"showMaterialUpdate":false,"showSkybox":true,"showFlares":true,"showImageEffects":true,"showParticleSystems":true},"in2DMode":false,"pivot":{"x":2.223522186279297,"y":-16.802059173583986,"z":105.71389770507813},"rotation":{"x":0.18482576310634614,"y":0.7551321983337402,"z":-0.24007035791873933,"w":0.5813786387443543},"size":49.638980865478519,"orthographic":false}