{"cameraMode":{"drawMode":0,"name":"Shaded","section":"Shading Mode"},"sceneLighting":false,"audioPlay":false,"sceneViewState":{"showFog":true,"showMaterialUpdate":false,"showSkybox":false,"showFlares":true,"showImageEffects":true,"showParticleSystems":true},"in2DMode":false,"pivot":{"x":-3.1479833126068117,"y":0.7862921953201294,"z":-0.022790908813476564},"rotation":{"x":-0.04959813132882118,"y":0.08737669140100479,"z":-0.0043557630851864819,"w":-0.9949312210083008},"size":7.2386040687561039,"orthographic":false}