{"cameraMode":{"drawMode":0,"name":"Shaded","section":"Shading Mode"},"sceneLighting":true,"audioPlay":false,"sceneViewState":{"showFog":true,"showMaterialUpdate":false,"showSkybox":true,"showFlares":true,"showImageEffects":true,"showParticleSystems":true},"in2DMode":false,"pivot":{"x":76.62643432617188,"y":-3.6640164852142336,"z":61.43977737426758},"rotation":{"x":0.05465085431933403,"y":0.8752065300941467,"z":-0.10181307047605515,"w":0.46977049112319949},"size":4.9588303565979,"orthographic":false}