{"cameraMode":{"drawMode":0,"name":"Shaded","section":"Shading Mode"},"sceneLighting":false,"audioPlay":false,"sceneViewState":{"showFog":true,"showMaterialUpdate":false,"showSkybox":false,"showFlares":true,"showImageEffects":true,"showParticleSystems":true},"in2DMode":false,"pivot":{"x":0.9313678741455078,"y":0.24952363967895509,"z":2.9071147441864015},"rotation":{"x":-0.1859799027442932,"y":0.4875016212463379,"z":-0.10712762176990509,"w":-0.8463347554206848},"size":6.587129592895508,"orthographic":false}