{"cameraMode":{"drawMode":0,"name":"Shaded","section":"Shading Mode"},"sceneLighting":true,"audioPlay":false,"sceneViewState":{"showFog":true,"showMaterialUpdate":false,"showSkybox":true,"showFlares":true,"showImageEffects":true,"showParticleSystems":true},"in2DMode":false,"pivot":{"x":84.57506561279297,"y":-39.28411865234375,"z":87.47054290771485},"rotation":{"x":0.6754900813102722,"y":-0.05621802806854248,"z":0.0517815463244915,"w":0.7334149479866028},"size":272.994140625,"orthographic":false}