{"cameraMode":{"drawMode":0,"name":"Shaded","section":"Shading Mode"},"sceneLighting":true,"audioPlay":false,"sceneViewState":{"showFog":true,"showMaterialUpdate":false,"showSkybox":true,"showFlares":true,"showImageEffects":true,"showParticleSystems":true},"in2DMode":false,"pivot":{"x":62.37080001831055,"y":12.951147079467774,"z":102.2684326171875},"rotation":{"x":-0.08551263064146042,"y":-0.0666070431470871,"z":0.005729652009904385,"w":-0.9940923452377319},"size":173.7152862548828,"orthographic":false}