{"cameraMode":{"drawMode":0,"name":"Shaded","section":"Shading Mode"},"sceneLighting":true,"audioPlay":false,"sceneViewState":{"showFog":true,"showMaterialUpdate":false,"showSkybox":true,"showFlares":true,"showImageEffects":true,"showParticleSystems":true},"in2DMode":false,"pivot":{"x":351.74468994140627,"y":-89.58797454833985,"z":92.30328369140625},"rotation":{"x":0.08288286626338959,"y":0.7258583903312683,"z":-0.0888560563325882,"w":0.6770440340042114},"size":191.18563842773438,"orthographic":false}