{"cameraMode":{"drawMode":0,"name":"Shaded","section":"Shading Mode"},"sceneLighting":true,"audioPlay":false,"sceneViewState":{"showFog":true,"showMaterialUpdate":false,"showSkybox":true,"showFlares":true,"showImageEffects":true,"showParticleSystems":true},"in2DMode":false,"pivot":{"x":41.1314582824707,"y":-5.826753616333008,"z":33.74125671386719},"rotation":{"x":0.048752982169389728,"y":0.9028879404067993,"z":-0.1064063310623169,"w":0.41366440057754519},"size":4.9588303565979,"orthographic":false}