{"cameraMode":{"drawMode":0,"name":"Shaded","section":"Shading Mode"},"sceneLighting":true,"audioPlay":false,"sceneViewState":{"showFog":true,"showMaterialUpdate":false,"showSkybox":true,"showFlares":true,"showImageEffects":true,"showParticleSystems":true},"in2DMode":false,"pivot":{"x":14.706809043884278,"y":-10.480690002441407,"z":24.873241424560548},"rotation":{"x":0.5061264038085938,"y":-0.4938228726387024,"z":0.49472349882125857,"w":0.5052043199539185},"size":136.35011291503907,"orthographic":false}